Name,Address,Phone,Website,Rating,Review Count,Email_1,Email_1_Method,Email_1_Source,Email_1_Accuracy_Score,Email_1_Confidence,Email_2,Email_2_Method,Email_2_Source,Email_2_Accuracy_Score,Email_2_Confidence,Email_3,Email_3_Method,Email_3_Source,Email_3_Accuracy_Score,Email_3_Confidence
Kohnan PRO,"1-chōme-9-9番3号 Hachimanyama, Setagaya City, Tokyo 156-0056, Japan",03-5316-2157,https://map.hc-kohnan.com/shop/625?utm_source=google&utm_medium=maps&utm_campaign=gmb,4,209,kohnan@map.hc-kohnan.com,pattern_generation,business_domain,0.7,medium,kohnan@gmail.com,pattern_generation,common_domain,0.4,low,kohnan@yahoo.com,pattern_generation,common_domain,0.4,low
Town DOIT Toyotamanaka shop,"2-chōme-24-2 Toyotamanaka, Nerima City, Tokyo 176-0013, Japan",03-3991-2411,https://map.hc-kohnan.com/shop/486?utm_source=google&utm_medium=maps&utm_campaign=gmb,3.6,1440,town@map.hc-kohnan.com,pattern_generation,business_domain,0.7,medium,town@gmail.com,pattern_generation,common_domain,0.4,low,town@yahoo.com,pattern_generation,common_domain,0.4,low
Konan PRO Asakusa store,"2-chōme-26-10 Imado, Taito City, Tokyo 111-0024, Japan",03-5808-5700,https://map.hc-kohnan.com/shop/656,4.1,58,konan@map.hc-kohnan.com,pattern_generation,business_domain,0.7,medium,konan@gmail.com,pattern_generation,common_domain,0.4,low,konan@yahoo.com,pattern_generation,common_domain,0.4,low
Kohnan PRO Oji Horifune,"1-chōme-23-13 Horifune, Kita City, Tokyo 114-0004, Japan",03-5902-3611,https://map.hc-kohnan.com/shop/466?utm_source=google&utm_medium=maps&utm_campaign=gmb,3.9,407,kohnan@map.hc-kohnan.com,pattern_generation,business_domain,0.7,medium,kohnan@gmail.com,pattern_generation,common_domain,0.4,low,kohnan@yahoo.com,pattern_generation,common_domain,0.4,low
Kohnan PRO,"2-chōme-3-1 Odasakae, Kawasaki Ward, Kawasaki, Kanagawa 210-0843, Japan",044-329-1681,https://map.hc-kohnan.com/shop/450?utm_source=google&utm_medium=maps&utm_campaign=gmb,3.7,2073,kohnan@map.hc-kohnan.com,pattern_generation,business_domain,0.7,medium,kohnan@gmail.com,pattern_generation,common_domain,0.4,low,kohnan@yahoo.com,pattern_generation,common_domain,0.4,low
Beaver Pro Miyamae-nogawa Store,"1-chōme-35-7 Minaminogawa, Miyamae Ward, Kawasaki, Kanagawa 216-0042, Japan",044-740-3211,https://kohnan-pro.com/,3.9,994,beaver@kohnan-pro.com,pattern_generation,business_domain,0.7,medium,beaver@gmail.com,pattern_generation,common_domain,0.4,low,beaver@yahoo.com,pattern_generation,common_domain,0.4,low
Konanbibapurokyodoten,"5-chōme-33-1 Kyōdō, Setagaya City, Tokyo 156-0052, Japan",03-5426-5533,https://map.hc-kohnan.com/shop/639,3.5,105,konanbibapurokyodoten@map.hc-kohnan.com,pattern_generation,business_domain,0.7,medium,konanbibapurokyodoten@gmail.com,pattern_generation,common_domain,0.4,low,konanbibapurokyodoten@yahoo.com,pattern_generation,common_domain,0.4,low
Kohnan PRO Kohoku Inter,"152 Orimotochō, Tsuzuki Ward, Yokohama, Kanagawa 224-0043, Japan",045-476-2380,https://map.hc-kohnan.com/shop/440?utm_source=google&utm_medium=maps&utm_campaign=gmb,3.9,868,kohnan@map.hc-kohnan.com,pattern_generation,business_domain,0.7,medium,kohnan@gmail.com,pattern_generation,common_domain,0.4,low,kohnan@yahoo.com,pattern_generation,common_domain,0.4,low
Konan PRO Tsurumishishigayaten,"3-chōme-2-68 Shishigaya, Tsurumi Ward, Yokohama, Kanagawa 230-0073, Japan",045-583-5701,https://map.hc-kohnan.com/shop/484?utm_source=google&utm_medium=maps&utm_campaign=gmb,3.6,343,konan@map.hc-kohnan.com,pattern_generation,business_domain,0.7,medium,konan@gmail.com,pattern_generation,common_domain,0.4,low,konan@yahoo.com,pattern_generation,common_domain,0.4,low
Kohnan PRO - Aoba Katsuradai,"2-chōme-38番地5 Katsuradai, Aoba Ward, Yokohama, Kanagawa 227-0034, Japan",045-962-5731,https://map.hc-kohnan.com/shop/631,3.9,70,kohnan@map.hc-kohnan.com,pattern_generation,business_domain,0.7,medium,kohnan@gmail.com,pattern_generation,common_domain,0.4,low,kohnan@yahoo.com,pattern_generation,common_domain,0.4,low
Kohnan Pro,"1-chōme-20-17 Nozaki, Mitaka, Tokyo 181-0014, Japan",0422-39-5715,https://map.hc-kohnan.com/shop/622?utm_source=google&utm_medium=maps&utm_campaign=gmb,4.1,74,kohnan@map.hc-kohnan.com,pattern_generation,business_domain,0.7,medium,kohnan@gmail.com,pattern_generation,common_domain,0.4,low,kohnan@yahoo.com,pattern_generation,common_domain,0.4,low
Kohnan PRO DOIT,"5-chōme-3-12 Shinmachi, Nishitokyo, Tokyo 202-0023, Japan",0422-50-0571,https://map.hc-kohnan.com/shop/488,3.8,811,kohnan@map.hc-kohnan.com,pattern_generation,business_domain,0.7,medium,kohnan@gmail.com,pattern_generation,common_domain,0.4,low,kohnan@yahoo.com,pattern_generation,common_domain,0.4,low
コーナンPRO板橋徳丸店,"8 Chome-4 Tokumaru, Itabashi City, Tokyo 175-0083, Japan",03-5945-1757,https://map.hc-kohnan.com/shop/647,3.7,39,コーナンpro板橋徳丸店@map.hc-kohnan.com,pattern_generation,business_domain,0.7,medium,コーナンpro板橋徳丸店@gmail.com,pattern_generation,common_domain,0.4,low,コーナンpro板橋徳丸店@yahoo.com,pattern_generation,common_domain,0.4,low
Kohnan PRO - Fuchu Koshukaido,"2-chōme-33番地の2 Wakamatsuchō, Fuchu, Tokyo 183-0005, Japan",042-352-5780,https://map.hc-kohnan.com/shop/628,3.9,54,kohnan@map.hc-kohnan.com,pattern_generation,business_domain,0.7,medium,kohnan@gmail.com,pattern_generation,common_domain,0.4,low,kohnan@yahoo.com,pattern_generation,common_domain,0.4,low
Beaver Pro Machida Kiso,"Japan, 〒194-0037 Tokyo, Machida, Kisonishi, 3-chōme−２６−７",042-789-6488,https://kohnan-pro.com/,3.7,859,beaver@kohnan-pro.com,pattern_generation,business_domain,0.7,medium,beaver@gmail.com,pattern_generation,common_domain,0.4,low,beaver@yahoo.com,pattern_generation,common_domain,0.4,low
Kohnan Pro Adachi Takenotsuka,"2-chōme-1-24 Nishihokima, Adachi City, Tokyo 121-0812, Japan",03-5851-5705,https://map.hc-kohnan.com/shop/478,3.7,302,kohnan@map.hc-kohnan.com,pattern_generation,business_domain,0.7,medium,kohnan@gmail.com,pattern_generation,common_domain,0.4,low,kohnan@yahoo.com,pattern_generation,common_domain,0.4,low
Kohnan Pro Kamikawai,"33番地4 Kamikawaichō, Asahi Ward, Yokohama, Kanagawa 241-0802, Japan",045-922-5701,https://map.hc-kohnan.com/shop/605,3.7,210,kohnan@map.hc-kohnan.com,pattern_generation,business_domain,0.7,medium,kohnan@gmail.com,pattern_generation,common_domain,0.4,low,kohnan@yahoo.com,pattern_generation,common_domain,0.4,low
kohnan pro doit Yono shop,"1-chōme-1-3 Ennami, Chuo Ward, Saitama, 338-0007, Japan",048-853-5621,https://map.hc-kohnan.com/shop/485,3.7,477,kohnan@map.hc-kohnan.com,pattern_generation,business_domain,0.7,medium,kohnan@gmail.com,pattern_generation,common_domain,0.4,low,kohnan@yahoo.com,pattern_generation,common_domain,0.4,low
Kohnan PRO Work & Tool,"5-chōme-54-15 Tsukagoshi, Warabi, Saitama 335-0002, Japan",048-447-8511,https://map.hc-kohnan.com/shop/487?utm_source=google&utm_medium=maps&utm_campaign=gmb,3.6,269,kohnan@map.hc-kohnan.com,pattern_generation,business_domain,0.7,medium,kohnan@gmail.com,pattern_generation,common_domain,0.4,low,kohnan@yahoo.com,pattern_generation,common_domain,0.4,low
Kohnan PRO Nishitokyo Tanashi,"4-chōme-2-２番8号 Nishiharachō, Nishitokyo, Tokyo 188-0004, Japan",042-460-5711,https://map.hc-kohnan.com/shop/612?utm_source=google&utm_medium=maps&utm_campaign=gmb,3.6,128,kohnan@map.hc-kohnan.com,pattern_generation,business_domain,0.7,medium,kohnan@gmail.com,pattern_generation,common_domain,0.4,low,kohnan@yahoo.com,pattern_generation,common_domain,0.4,low
Kohnan PRO,"2-chōme-1-17 Shimonagaya, Konan Ward, Yokohama, Kanagawa 233-0016, Japan",045-820-5705,https://map.hc-kohnan.com/shop/606?utm_source=google&utm_medium=maps&utm_campaign=gmb,3.7,451,kohnan@map.hc-kohnan.com,pattern_generation,business_domain,0.7,medium,kohnan@gmail.com,pattern_generation,common_domain,0.4,low,kohnan@yahoo.com,pattern_generation,common_domain,0.4,low
Kohnan PRO 246,"2-chōme-14-１４番４３号 Higashihara, Zama, Kanagawa 252-0004, Japan",046-257-5715,https://map.hc-kohnan.com/shop/613,3.8,129,kohnan@map.hc-kohnan.com,pattern_generation,business_domain,0.7,medium,kohnan@gmail.com,pattern_generation,common_domain,0.4,low,kohnan@yahoo.com,pattern_generation,common_domain,0.4,low
Hodaka Fujisawa,"1064 Shōbuzawa, Fujisawa, Kanagawa 252-0823, Japan",0466-48-1080,https://www.dcm-hc.co.jp/shop/detail/01_0764.html?utm_source=google&utm_medium=maps,4,551,hodaka@dcm-hc.co.jp,pattern_generation,business_domain,0.7,medium,hodaka@gmail.com,pattern_generation,common_domain,0.4,low,hodaka@yahoo.com,pattern_generation,common_domain,0.4,low
HODAKA,"Japan, 〒213-0015 神奈川県川崎市高津区梶ケ谷５丁目７",044-860-3115,https://www.dcm-hc.co.jp/shop/detail/01_0782.html?utm_source=google&utm_medium=maps,4,266,hodaka@dcm-hc.co.jp,pattern_generation,business_domain,0.7,medium,hodaka@gmail.com,pattern_generation,common_domain,0.4,low,hodaka@yahoo.com,pattern_generation,common_domain,0.4,low
Beaver Pro Ebina shop,"3-chōme-15-29 Shake, Ebina, Kanagawa 243-0424, Japan",046-292-7600,https://kohnan-pro.com/,3.7,331,beaver@kohnan-pro.com,pattern_generation,business_domain,0.7,medium,beaver@gmail.com,pattern_generation,common_domain,0.4,low,beaver@yahoo.com,pattern_generation,common_domain,0.4,low
Furumoto,"52-1 Miyayama, Samukawa, Koza District, Kanagawa 253-0106, Japan",0467-74-3300,https://ktc.jp/shop/detail?shop=3171,4.3,334,furumoto@ktc.jp,pattern_generation,business_domain,0.7,medium,furumoto@gmail.com,pattern_generation,common_domain,0.4,low,furumoto@yahoo.com,pattern_generation,common_domain,0.4,low
ホーム＆ガーデン 島崎商店,"1-chōme-21-1 Mizonokuchi, Takatsu Ward, Kawasaki, Kanagawa 213-0001, Japan",044-822-3498,https://www.mizonokuchi-kenzai.com/,4,118,605a7baede844d278b89dc95ae0a9123@sentry-next.wixpress.com,website_scraping,main_page,0.9,high,2062d0a4929b45348643784b5cb39c36@sentry.wixpress.com,website_scraping,main_page,0.9,high,N/A,N/A,N/A,N/A,N/A
Furumoto (Fujisawa),"Japan, 〒252-0813 Kanagawa, Fujisawa, Kameino, 4-chōme−１６−２４",0466-80-6680,N/A,4.1,180,furumoto@gmail.com,pattern_generation,common_domain,0.4,low,furumoto@yahoo.com,pattern_generation,common_domain,0.4,low,info@gmail.com,pattern_generation,common_domain_suffix,0.3,low
コーナンPRO鎌倉大船店,"Japan, 〒247-0072 Kanagawa, Kamakura, Okamoto, 1188番地1",0467-42-8301,https://map.hc-kohnan.com/shop/18002,2.5,2,コーナンpro鎌倉大船店@map.hc-kohnan.com,pattern_generation,business_domain,0.7,medium,コーナンpro鎌倉大船店@gmail.com,pattern_generation,common_domain,0.4,low,コーナンpro鎌倉大船店@yahoo.com,pattern_generation,common_domain,0.4,low
包丁と砥石 ひとひら,"2-chōme-16-16 Sangenjaya, Setagaya City, Tokyo 154-0024, Japan",03-6413-6904,https://hitohira-japan.com/,4.9,118,info@hitohira-japan.com,website_scraping,main_page,0.9,high,N/A,N/A,N/A,N/A,N/A,N/A,N/A,N/A,N/A,N/A
馬込道具屋,"Japan, 〒143-0026 Tokyo, Ota City, Nishimagome, 1-chōme−2−８ シャトー西馬込",03-3775-1098,https://dogooyah.com/f/shops/magome,4.2,40,馬込道具屋@dogooyah.com,pattern_generation,business_domain,0.7,medium,馬込道具屋@gmail.com,pattern_generation,common_domain,0.4,low,馬込道具屋@yahoo.com,pattern_generation,common_domain,0.4,low
Kohnan Pro,"2-chōme-8-12 Kawarazone, Koshigaya, Saitama 343-0821, Japan",048-960-2257,https://map.hc-kohnan.com/shop/464?utm_source=google&utm_medium=maps&utm_campaign=gmb,3.7,468,kohnan@map.hc-kohnan.com,pattern_generation,business_domain,0.7,medium,kohnan@gmail.com,pattern_generation,common_domain,0.4,low,kohnan@yahoo.com,pattern_generation,common_domain,0.4,low
総合建築 金物や 秀久,"1262-2 Shimotomi, Tokorozawa, Saitama 359-0001, Japan",04-2990-3660,http://www.hidehisa-online.com/smartphone/index.html,4.3,252,総合建築@hidehisa-online.com,pattern_generation,business_domain,0.7,medium,総合建築@gmail.com,pattern_generation,common_domain,0.4,low,総合建築@yahoo.com,pattern_generation,common_domain,0.4,low
ホダカ 蓮田店,"4-2 Yamanouchi, Hasuda, Saitama 349-0128, Japan",048-765-5600,https://www.dcm-hc.co.jp/shop/detail/03_4575.html?utm_source=google&utm_medium=maps,4.1,454,ホダカ@dcm-hc.co.jp,pattern_generation,business_domain,0.7,medium,ホダカ@gmail.com,pattern_generation,common_domain,0.4,low,ホダカ@yahoo.com,pattern_generation,common_domain,0.4,low
Kohnan Pro Doit Kawagoe,"1017-1 Fukuda, Kawagoe, Saitama 350-0821, Japan",049-228-5711,https://map.hc-kohnan.com/shop/601,3.9,272,kohnan@map.hc-kohnan.com,pattern_generation,business_domain,0.7,medium,kohnan@gmail.com,pattern_generation,common_domain,0.4,low,kohnan@yahoo.com,pattern_generation,common_domain,0.4,low
コーナンＰＲＯ花小金井店,"4-chōme-35-5 Hanakoganei, Kodaira, Tokyo 187-0002, Japan",042-470-3157,https://map.hc-kohnan.com/shop/655,4.3,24,コーナンｐｒｏ花小金井店@map.hc-kohnan.com,pattern_generation,business_domain,0.7,medium,コーナンｐｒｏ花小金井店@gmail.com,pattern_generation,common_domain,0.4,low,コーナンｐｒｏ花小金井店@yahoo.com,pattern_generation,common_domain,0.4,low
Kohnan PRO Adachi Ogi,"3-chōme-14-１４番１0号 Ōgi, Adachi City, Tokyo 123-0873, Japan",03-5647-5761,https://map.hc-kohnan.com/shop/609?utm_source=google&utm_medium=maps&utm_campaign=gmb,3.7,109,kohnan@map.hc-kohnan.com,pattern_generation,business_domain,0.7,medium,kohnan@gmail.com,pattern_generation,common_domain,0.4,low,kohnan@yahoo.com,pattern_generation,common_domain,0.4,low
コーナンPRO富士見店,"465番地1 Harigaya, Fujimi, Saitama 354-0017, Japan",049-268-1375,https://map.hc-kohnan.com/shop/649,3.9,20,コーナンpro富士見店@map.hc-kohnan.com,pattern_generation,business_domain,0.7,medium,コーナンpro富士見店@gmail.com,pattern_generation,common_domain,0.4,low,コーナンpro富士見店@yahoo.com,pattern_generation,common_domain,0.4,low
Valor Home Center Takayama,"3-chōme-608 Nishinoisshikimachi, Takayama, Gifu 506-0031, Japan",0577-32-0180,https://stores.homecentervalor.co.jp/detail/1,3.6,643,valor@stores.homecentervalor.co.jp,pattern_generation,business_domain,0.7,medium,valor@gmail.com,pattern_generation,common_domain,0.4,low,valor@yahoo.com,pattern_generation,common_domain,0.4,low
飛騨高山刃物専門店 是ノ刃 Konoha,"Japan, 〒506-0841 Gifu, Takayama, Shimosannomachi, 115番地 P1台 有（店舗前",0577-70-8377,https://www.instagram.com/konoha.hidatakayama/,4.9,49,飛騨高山刃物専門店@instagram.com,pattern_generation,business_domain,0.7,medium,飛騨高山刃物専門店@gmail.com,pattern_generation,common_domain,0.4,low,飛騨高山刃物専門店@yahoo.com,pattern_generation,common_domain,0.4,low
Home Improvement store Valor Kokufu,"Japan, 〒509-4119 Gifu, Takayama, Kokufuchō Hirosemachi, 字諏訪前１５５６−１",0577-72-4188,https://stores.homecentervalor.co.jp/detail/5,3.5,186,home@stores.homecentervalor.co.jp,pattern_generation,business_domain,0.7,medium,home@gmail.com,pattern_generation,common_domain,0.4,low,home@yahoo.com,pattern_generation,common_domain,0.4,low
下本商会,"3-chōme-72 Sōwamachi, Takayama, Gifu 506-0007, Japan",0577-33-0333,http://www.shimomoto.jp/,4.1,46,info@shimomoto.jp,website_scraping,contact_page,0.95,very_high,N/A,N/A,N/A,N/A,N/A,N/A,N/A,N/A,N/A,N/A
Murakane,"3-17 Furukawachō Nanseichō, Hida, Gifu 509-4253, Japan",0577-73-2311,http://yanezai.jp/modules/pico/index.php?cat_id=1,1,2,info@yanezai.jp,website_scraping,contact_page,0.95,very_high,N/A,N/A,N/A,N/A,N/A,N/A,N/A,N/A,N/A,N/A
Shimojo,"1221 Kamiokachō Funatsu, Hida, Gifu 506-1161, Japan",0578-82-1137,https://www.facebook.com/shimosada,4,1,shimojo@facebook.com,pattern_generation,business_domain,0.7,medium,shimojo@gmail.com,pattern_generation,common_domain,0.4,low,shimojo@yahoo.com,pattern_generation,common_domain,0.4,low
Marusan Hardware,"7-16 Furukawachō Ninomachi, Hida, Gifu 509-4235, Japan",0577-73-2538,N/A,4.6,5,marusan@gmail.com,pattern_generation,common_domain,0.4,low,marusan@yahoo.com,pattern_generation,common_domain,0.4,low,info@gmail.com,pattern_generation,common_domain_suffix,0.3,low
HomeCenter Valor Takayama Hardware Pavilion,"3-chōme-608 Nishinoisshikimachi, Takayama, Gifu 506-0031, Japan",N/A,N/A,5,1,homecenter@gmail.com,pattern_generation,common_domain,0.4,low,homecenter@yahoo.com,pattern_generation,common_domain,0.4,low,info@gmail.com,pattern_generation,common_domain_suffix,0.3,low
（有）寺田設備,"3246-22 Enakomachi, Takayama, Gifu 506-0818, Japan",0577-36-3001,N/A,3,1,有寺田設備@gmail.com,pattern_generation,common_domain,0.4,low,有寺田設備@yahoo.com,pattern_generation,common_domain,0.4,low,info@gmail.com,pattern_generation,common_domain_suffix,0.3,low
宮本 金物なんでもセンター,"56 Tonyamachi, Takayama, Gifu 506-0002, Japan",0577-32-2023,N/A,N/A,N/A,宮本@gmail.com,pattern_generation,common_domain,0.4,low,宮本@yahoo.com,pattern_generation,common_domain,0.4,low,info@gmail.com,pattern_generation,common_domain_suffix,0.3,low
原田鉄筋加工店,"1 Chome Sowamachi, Takayama, Gifu 506-0007, Japan",0577-32-0056,N/A,3,1,原田鉄筋加工店@gmail.com,pattern_generation,common_domain,0.4,low,原田鉄筋加工店@yahoo.com,pattern_generation,common_domain,0.4,low,info@gmail.com,pattern_generation,common_domain_suffix,0.3,low
高松鋸刃物店,"1405-1 Kamiokachō Funatsu, Hida, Gifu 506-1161, Japan",0578-82-2583,N/A,N/A,N/A,高松鋸刃物店@gmail.com,pattern_generation,common_domain,0.4,low,高松鋸刃物店@yahoo.com,pattern_generation,common_domain,0.4,low,info@gmail.com,pattern_generation,common_domain_suffix,0.3,low
山下金物店,"1227-1 Kamiokachōtono, Hida, Gifu 506-1121, Japan",0578-82-6986,N/A,N/A,N/A,山下金物店@gmail.com,pattern_generation,common_domain,0.4,low,山下金物店@yahoo.com,pattern_generation,common_domain,0.4,low,info@gmail.com,pattern_generation,common_domain_suffix,0.3,low
高桑研磨加工所,"36 Kamiokachō Kamasaki, Hida, Gifu 506-1145, Japan",0578-82-3965,N/A,N/A,N/A,高桑研磨加工所@gmail.com,pattern_generation,common_domain,0.4,low,高桑研磨加工所@yahoo.com,pattern_generation,common_domain,0.4,low,info@gmail.com,pattern_generation,common_domain_suffix,0.3,low
野林金物店,"936 Kamiokachōtono, Hida, Gifu 506-1121, Japan",0578-82-5335,N/A,N/A,N/A,野林金物店@gmail.com,pattern_generation,common_domain,0.4,low,野林金物店@yahoo.com,pattern_generation,common_domain,0.4,low,info@gmail.com,pattern_generation,common_domain_suffix,0.3,low
Hodaka Toyama,"１１２２番地 Tenshōji, Toyama, 930-0955, Japan",076-423-3600,https://www.dcm-hc.co.jp/shop/detail/01_0765.html?utm_source=google&utm_medium=maps,4,464,hodaka@dcm-hc.co.jp,pattern_generation,business_domain,0.7,medium,hodaka@gmail.com,pattern_generation,common_domain,0.4,low,hodaka@yahoo.com,pattern_generation,common_domain,0.4,low
Hodaka Takaoka,"5-５番７号 Kumanomachi, Takaoka, Toyama 933-0903, Japan",0766-23-2667,https://www.dcm-hc.co.jp/shop/detail/01_0779.html?utm_source=google&utm_medium=maps,4,315,hodaka@dcm-hc.co.jp,pattern_generation,business_domain,0.7,medium,hodaka@gmail.com,pattern_generation,common_domain,0.4,low,hodaka@yahoo.com,pattern_generation,common_domain,0.4,low
Act Tool - Toyama,"8-11 Chiyodamachi, Toyama, 930-0811, Japan",076-432-8055,https://act-kougu.com/profile/,4.8,202,act@act-kougu.com,pattern_generation,business_domain,0.7,medium,act@gmail.com,pattern_generation,common_domain,0.4,low,act@yahoo.com,pattern_generation,common_domain,0.4,low
Odake,"3-chōme-3-29 Toiyamachi, Toyama, 930-0834, Japan",076-451-1280,https://www.odake.co.jp/,1,1,odake@odake.co.jp,pattern_generation,business_domain,0.7,medium,odake@gmail.com,pattern_generation,common_domain,0.4,low,odake@yahoo.com,pattern_generation,common_domain,0.4,low
山田雑貨店（有）,"2-chōme-3-6 Takaramachi, Toyama, 930-0007, Japan",076-432-7282,N/A,4.5,24,山田雑貨店有@gmail.com,pattern_generation,common_domain,0.4,low,山田雑貨店有@yahoo.com,pattern_generation,common_domain,0.4,low,info@gmail.com,pattern_generation,common_domain_suffix,0.3,low
二口金物 本店,"5-2 Chūōmachi, Imizu, Toyama 934-0012, Japan",0766-84-5555,http://www.futakuchikanamono.jp/,4.7,9,二口金物@futakuchikanamono.jp,pattern_generation,business_domain,0.7,medium,二口金物@gmail.com,pattern_generation,common_domain,0.4,low,二口金物@yahoo.com,pattern_generation,common_domain,0.4,low
Yonehara,"948 Sano, Takaoka, Toyama 933-0826, Japan",0120-275-511,http://yoneharakanamono.jp/%E5%BA%97%E8%88%97%E6%83%85%E5%A0%B1/,4,10,yonehara@yoneharakanamono.jp,pattern_generation,business_domain,0.7,medium,yonehara@gmail.com,pattern_generation,common_domain,0.4,low,yonehara@yahoo.com,pattern_generation,common_domain,0.4,low
山本金物店,"2-chōme-2-3 Muromachidōri, Toyama, 930-0051, Japan",076-421-0017,N/A,4,2,山本金物店@gmail.com,pattern_generation,common_domain,0.4,low,山本金物店@yahoo.com,pattern_generation,common_domain,0.4,low,info@gmail.com,pattern_generation,common_domain_suffix,0.3,low
株式会社 金七金物店,"198 Tonyamachi, Takaoka, Toyama 933-0804, Japan",0766-21-8787,http://www.kanasiti.com/,5,1,株式会社@kanasiti.com,pattern_generation,business_domain,0.7,medium,株式会社@gmail.com,pattern_generation,common_domain,0.4,low,株式会社@yahoo.com,pattern_generation,common_domain,0.4,low
（有）高野商店,"2889-5 Futakuchi, Imizu, Toyama 939-0234, Japan",0766-52-0104,N/A,3.6,11,有高野商店@gmail.com,pattern_generation,common_domain,0.4,low,有高野商店@yahoo.com,pattern_generation,common_domain,0.4,low,info@gmail.com,pattern_generation,common_domain_suffix,0.3,low
山岸金物店,"1701 Higashifukusawa, Toyama, 930-1281, Japan",076-483-2336,N/A,4.7,7,山岸金物店@gmail.com,pattern_generation,common_domain,0.4,low,山岸金物店@yahoo.com,pattern_generation,common_domain,0.4,low,info@gmail.com,pattern_generation,common_domain_suffix,0.3,low
Hashimoto,"5-1 Kaihotsuhonmachi, Takaoka, Toyama 933-0909, Japan",0766-24-5525,N/A,3.9,7,hashimoto@gmail.com,pattern_generation,common_domain,0.4,low,hashimoto@yahoo.com,pattern_generation,common_domain,0.4,low,info@gmail.com,pattern_generation,common_domain_suffix,0.3,low
（有）沢田金物,"3-chōme-11-11 Toidemachi, Takaoka, Toyama 939-1104, Japan",0766-63-0253,https://r.goope.jp/sr-16-162022s0024/,4.5,2,camelia_thumb@2x.jpg,website_scraping,contact_page,0.95,very_high,konoko-neko-noko_thumb@2x.jpg,website_scraping,contact_page,0.95,very_high,konoko-neko-noko_thumb@1x.jpg,website_scraping,contact_page,0.95,very_high
高田金物店,"13-8 Okudamachi, Toyama, 930-0818, Japan",076-431-1039,N/A,5,2,高田金物店@gmail.com,pattern_generation,common_domain,0.4,low,高田金物店@yahoo.com,pattern_generation,common_domain,0.4,low,info@gmail.com,pattern_generation,common_domain_suffix,0.3,low
メタルトップ（高田電業）,"247 Takauchi, Toyama, 939-2254, Japan",076-468-1581,N/A,3.8,4,メタルトップ高田電業@gmail.com,pattern_generation,common_domain,0.4,low,メタルトップ高田電業@yahoo.com,pattern_generation,common_domain,0.4,low,info@gmail.com,pattern_generation,common_domain_suffix,0.3,low
(有)樫山商店 樫山金物店,"1438 Yatsuomachi Shitashinmachi, Toyama, 939-2352, Japan",076-455-2300,http://kashikanamono.cart.fc2.com/,4.3,3,有樫山商店@kashikanamono.cart.fc2.com,pattern_generation,business_domain,0.7,medium,有樫山商店@gmail.com,pattern_generation,common_domain,0.4,low,有樫山商店@yahoo.com,pattern_generation,common_domain,0.4,low
中山金物店,"1203 Shinmeimachi, Namerikawa, Toyama 936-0032, Japan",076-475-0221,N/A,5,1,中山金物店@gmail.com,pattern_generation,common_domain,0.4,low,中山金物店@yahoo.com,pattern_generation,common_domain,0.4,low,info@gmail.com,pattern_generation,common_domain_suffix,0.3,low
武田文平商店,"64 Mikkaichi, Kamiichi, Nakaniikawa District, Toyama 930-0325, Japan",076-472-0307,N/A,3.5,4,武田文平商店@gmail.com,pattern_generation,common_domain,0.4,low,武田文平商店@yahoo.com,pattern_generation,common_domain,0.4,low,info@gmail.com,pattern_generation,common_domain_suffix,0.3,low
広田刃物店,"10-11 Honmachi, Takaoka, Toyama 933-0913, Japan",0766-22-9254,N/A,5,4,広田刃物店@gmail.com,pattern_generation,common_domain,0.4,low,広田刃物店@yahoo.com,pattern_generation,common_domain,0.4,low,info@gmail.com,pattern_generation,common_domain_suffix,0.3,low
（有）野上金物,"563-1 Himeno, Takaoka, Toyama 934-0093, Japan",0766-84-8833,N/A,4.4,5,有野上金物@gmail.com,pattern_generation,common_domain,0.4,low,有野上金物@yahoo.com,pattern_generation,common_domain,0.4,low,info@gmail.com,pattern_generation,common_domain_suffix,0.3,low
中本金物店,"439 Kamiizumi, Himi, Toyama 935-0037, Japan",0766-91-4513,N/A,4,4,中本金物店@gmail.com,pattern_generation,common_domain,0.4,low,中本金物店@yahoo.com,pattern_generation,common_domain,0.4,low,info@gmail.com,pattern_generation,common_domain_suffix,0.3,low
Kohnan PRO,"2-chōme-2-105 Sugahara, Higashiyodogawa Ward, Osaka, 533-0022, Japan",06-6990-7031,https://map.hc-kohnan.com/shop/403,3.9,1616,kohnan@map.hc-kohnan.com,pattern_generation,business_domain,0.7,medium,kohnan@gmail.com,pattern_generation,common_domain,0.4,low,kohnan@yahoo.com,pattern_generation,common_domain,0.4,low
Konan PRO WORK & TOOL Honjonishiten,"3-chōme-8-29 Honjōnishi, Kita Ward, Osaka, 531-0073, Japan",06-4802-5700,https://map.hc-kohnan.com/shop/477?utm_source=google&utm_medium=maps&utm_campaign=gmb,3.7,747,konan@map.hc-kohnan.com,pattern_generation,business_domain,0.7,medium,konan@gmail.com,pattern_generation,common_domain,0.4,low,konan@yahoo.com,pattern_generation,common_domain,0.4,low
Kohnan PRO,"7-chōme-1-7 Nishikujō, Konohana Ward, Osaka, 554-0012, Japan",06-6460-6571,https://map.hc-kohnan.com/shop/413,3.8,892,kohnan@map.hc-kohnan.com,pattern_generation,business_domain,0.7,medium,kohnan@gmail.com,pattern_generation,common_domain,0.4,low,kohnan@yahoo.com,pattern_generation,common_domain,0.4,low
Kohnan Pro Toyonaka Shomoto,"4-chōme-4-30 Shōmotochō, Toyonaka, Osaka 561-0835, Japan",06-6335-3313,https://map.hc-kohnan.com/shop/411,3.6,836,kohnan@map.hc-kohnan.com,pattern_generation,business_domain,0.7,medium,kohnan@gmail.com,pattern_generation,common_domain,0.4,low,kohnan@yahoo.com,pattern_generation,common_domain,0.4,low
Kohnan Pro,"10-68 Imazudezaikechō, Nishinomiya, Hyogo 663-8227, Japan",0798-38-2141,https://map.hc-kohnan.com/shop/415,3.9,460,kohnan@map.hc-kohnan.com,pattern_generation,business_domain,0.7,medium,kohnan@gmail.com,pattern_generation,common_domain,0.4,low,kohnan@yahoo.com,pattern_generation,common_domain,0.4,low
Kohnan PRO Ikuno,"4-chōme-5-45 Tatsuminishi, Ikuno Ward, Osaka, 544-0012, Japan",06-6752-3771,https://map.hc-kohnan.com/shop/427?utm_source=google&utm_medium=maps&utm_campaign=gmb,3.6,522,kohnan@map.hc-kohnan.com,pattern_generation,business_domain,0.7,medium,kohnan@gmail.com,pattern_generation,common_domain,0.4,low,kohnan@yahoo.com,pattern_generation,common_domain,0.4,low
Kohnan PRO Ibarakiten Home Improvement,"4-chōme-8-18 Sawaraginishi, Ibaraki, Osaka 567-0868, Japan",072-633-0872,https://map.hc-kohnan.com/shop/410,3.6,1062,kohnan@map.hc-kohnan.com,pattern_generation,business_domain,0.7,medium,kohnan@gmail.com,pattern_generation,common_domain,0.4,low,kohnan@yahoo.com,pattern_generation,common_domain,0.4,low
Konan PRO Jotohigashinakahamaten,"8-chōme-1-27 Higashinakahama, Joto Ward, Osaka, 536-0023, Japan",06-4258-5700,https://map.hc-kohnan.com/shop/468,3.6,439,konan@map.hc-kohnan.com,pattern_generation,business_domain,0.7,medium,konan@gmail.com,pattern_generation,common_domain,0.4,low,konan@yahoo.com,pattern_generation,common_domain,0.4,low
Kohnan PRO,"1 Chome-7 Bainan, Nishinari Ward, Osaka, 557-0033, Japan",06-6655-5701,https://map.hc-kohnan.com/shop/645,3.6,59,kohnan@map.hc-kohnan.com,pattern_generation,business_domain,0.7,medium,kohnan@gmail.com,pattern_generation,common_domain,0.4,low,kohnan@yahoo.com,pattern_generation,common_domain,0.4,low
Kohnan Pro Sakai Sanbo,"3-chōme-167-1 Sanbōchō, Sakai Ward, Sakai, Osaka 590-0906, Japan",072-233-7201,https://map.hc-kohnan.com/shop/428?utm_source=google&utm_medium=maps&utm_campaign=gmb,3.6,590,kohnan@map.hc-kohnan.com,pattern_generation,business_domain,0.7,medium,kohnan@gmail.com,pattern_generation,common_domain,0.4,low,kohnan@yahoo.com,pattern_generation,common_domain,0.4,low
Kohnan PRO,"3-chōme-1-1 Shinzaike Minamimachi, Nada Ward, Kobe, Hyogo 657-0864, Japan",078-805-4371,https://map.hc-kohnan.com/shop/408,3.8,886,kohnan@map.hc-kohnan.com,pattern_generation,business_domain,0.7,medium,kohnan@gmail.com,pattern_generation,common_domain,0.4,low,kohnan@yahoo.com,pattern_generation,common_domain,0.4,low
Kohnan Pro Itami Koya,"8-chōme-46番地1 Koya, Itami, Hyogo 664-0881, Japan",072-782-5705,https://map.hc-kohnan.com/shop/608,3.8,180,kohnan@map.hc-kohnan.com,pattern_generation,business_domain,0.7,medium,kohnan@gmail.com,pattern_generation,common_domain,0.4,low,kohnan@yahoo.com,pattern_generation,common_domain,0.4,low
Konan PRO Sekimeten,"1-chōme-1-9 Sekime, Joto Ward, Osaka, 536-0008, Japan",06-6786-5711,https://map.hc-kohnan.com/shop/644,3.8,48,konan@map.hc-kohnan.com,pattern_generation,business_domain,0.7,medium,konan@gmail.com,pattern_generation,common_domain,0.4,low,konan@yahoo.com,pattern_generation,common_domain,0.4,low
Kohnan Pro,"3-chōme-10-１０番1号 Imamiya, Minoh, Osaka 562-0033, Japan",072-727-5705,https://map.hc-kohnan.com/shop/483?utm_source=google&utm_medium=maps&utm_campaign=gmb,3.6,197,kohnan@map.hc-kohnan.com,pattern_generation,business_domain,0.7,medium,kohnan@gmail.com,pattern_generation,common_domain,0.4,low,kohnan@yahoo.com,pattern_generation,common_domain,0.4,low
Kohnan PRO Kadoma Shimagashira,"4-chōme-1-36 Shimagashira, Kadoma, Osaka 571-0016, Japan",072-884-0270,https://map.hc-kohnan.com/shop/456?utm_source=google&utm_medium=maps&utm_campaign=gmb,3.5,333,kohnan@map.hc-kohnan.com,pattern_generation,business_domain,0.7,medium,kohnan@gmail.com,pattern_generation,common_domain,0.4,low,kohnan@yahoo.com,pattern_generation,common_domain,0.4,low
Kohnan Pro Neyagawa Niwaji,"20-11 Niwajichō, Neyagawa, Osaka 572-0066, Japan",072-827-4032,https://map.hc-kohnan.com/shop/405,3.7,1087,kohnan@map.hc-kohnan.com,pattern_generation,business_domain,0.7,medium,kohnan@gmail.com,pattern_generation,common_domain,0.4,low,kohnan@yahoo.com,pattern_generation,common_domain,0.4,low
Kohnan PRO,"5-chōme-2-14 Minamitsumori, Nishinari Ward, Osaka, 557-0063, Japan",06-6656-7061,https://map.hc-kohnan.com/shop/430?utm_source=google&utm_medium=maps&utm_campaign=gmb,3.6,803,kohnan@map.hc-kohnan.com,pattern_generation,business_domain,0.7,medium,kohnan@gmail.com,pattern_generation,common_domain,0.4,low,kohnan@yahoo.com,pattern_generation,common_domain,0.4,low
Kohnan Pro Amagasaki Osho,"77-4 Ōshōkawatachō, Amagasaki, Hyogo 660-0072, Japan",06-6411-0057,https://map.hc-kohnan.com/shop/607,3.5,178,kohnan@map.hc-kohnan.com,pattern_generation,business_domain,0.7,medium,kohnan@gmail.com,pattern_generation,common_domain,0.4,low,kohnan@yahoo.com,pattern_generation,common_domain,0.4,low
Kohnan PRO Higashiosaka,"2-chōme-3-3 Mikuriyanaka, Higashiosaka, Osaka 577-0035, Japan",06-6789-8070,https://map.hc-kohnan.com/shop/412,3.5,531,kohnan@map.hc-kohnan.com,pattern_generation,business_domain,0.7,medium,kohnan@gmail.com,pattern_generation,common_domain,0.4,low,kohnan@yahoo.com,pattern_generation,common_domain,0.4,low
Kohnan Pro Toji minami,"3番地2 Nishikujō Nandenchō, Minami Ward, Kyoto, 601-8441, Japan",075-693-5701,https://map.hc-kohnan.com/shop/480,3.5,246,kohnan@map.hc-kohnan.com,pattern_generation,business_domain,0.7,medium,kohnan@gmail.com,pattern_generation,common_domain,0.4,low,kohnan@yahoo.com,pattern_generation,common_domain,0.4,low
Kohnan PRO Tenjingawa Takatsuji Dori,"78番地 Saiinhigashikaigawachō, Ukyo Ward, Kyoto, 615-0057, Japan",075-322-5700,https://map.hc-kohnan.com/shop/614?utm_source=google&utm_medium=maps&utm_campaign=gmb,3.7,193,kohnan@map.hc-kohnan.com,pattern_generation,business_domain,0.7,medium,kohnan@gmail.com,pattern_generation,common_domain,0.4,low,kohnan@yahoo.com,pattern_generation,common_domain,0.4,low
Konan PRO Kusatsu Store,"324-1 Kinokawachō, Kusatsu, Shiga 525-0051, Japan",077-569-5657,https://map.hc-kohnan.com/shop/437?utm_source=google&utm_medium=maps&utm_campaign=gmb,3.9,592,konan@map.hc-kohnan.com,pattern_generation,business_domain,0.7,medium,konan@gmail.com,pattern_generation,common_domain,0.4,low,konan@yahoo.com,pattern_generation,common_domain,0.4,low
Kohnan PRO,"31-1 Kisshōin Makiechō, Minami Ward, Kyoto, 601-8344, Japan",075-681-5701,https://map.hc-kohnan.com/shop/459?utm_source=google&utm_medium=maps&utm_campaign=gmb,3.6,812,kohnan@map.hc-kohnan.com,pattern_generation,business_domain,0.7,medium,kohnan@gmail.com,pattern_generation,common_domain,0.4,low,kohnan@yahoo.com,pattern_generation,common_domain,0.4,low
Kohnan Pro Fushimi Shimotoba,"101番地 Shimotoba Tajimachō, Fushimi Ward, Kyoto, 612-8208, Japan",075-612-5250,https://map.hc-kohnan.com/shop/458,3.7,532,kohnan@map.hc-kohnan.com,pattern_generation,business_domain,0.7,medium,kohnan@gmail.com,pattern_generation,common_domain,0.4,low,kohnan@yahoo.com,pattern_generation,common_domain,0.4,low
Kohnan Pro Takatsuki Shimotanabe,"2-chōme-10-10番7号 Shimotanabechō, Takatsuki, Osaka 569-0062, Japan",072-662-5700,https://map.hc-kohnan.com/shop/469?utm_source=google&utm_medium=maps&utm_campaign=gmb,3.6,282,kohnan@map.hc-kohnan.com,pattern_generation,business_domain,0.7,medium,kohnan@gmail.com,pattern_generation,common_domain,0.4,low,kohnan@yahoo.com,pattern_generation,common_domain,0.4,low
Shima Corporation Kyoto Fushimi,"Japan, 〒612-0029 Kyoto, Fushimi Ward, Fukakusa Nishiurachō, 1-chōme １６番",075-646-2818,https://www.sima-corp.jp/,4,528,shima@sima-corp.jp,pattern_generation,business_domain,0.7,medium,shima@gmail.com,pattern_generation,common_domain,0.4,low,shima@yahoo.com,pattern_generation,common_domain,0.4,low
Konan PRO Hirakataomineten,"Japan, 〒573-0145 Osaka, Hirakata, Ōmine Minamimachi, 8 8番1号",072-897-5701,https://map.hc-kohnan.com/shop/633,4,35,konan@map.hc-kohnan.com,pattern_generation,business_domain,0.7,medium,konan@gmail.com,pattern_generation,common_domain,0.4,low,konan@yahoo.com,pattern_generation,common_domain,0.4,low
Kohnan PRO R171 Mukomachi,"Tsukuda-15番地 Morimotochō, Muko, Kyoto 617-0003, Japan",075-921-2102,https://map.hc-kohnan.com/shop/353-2?utm_source=google&utm_medium=maps&utm_campaign=gmb,3.8,462,kohnan@map.hc-kohnan.com,pattern_generation,business_domain,0.7,medium,kohnan@gmail.com,pattern_generation,common_domain,0.4,low,kohnan@yahoo.com,pattern_generation,common_domain,0.4,low
Kohnan PRO Uji Okubo,"Japan, 〒611-0031 京都府宇治市広野町茶屋裏２１",0774-44-6886,https://map.hc-kohnan.com/shop/422,3.7,381,kohnan@map.hc-kohnan.com,pattern_generation,business_domain,0.7,medium,kohnan@gmail.com,pattern_generation,common_domain,0.4,low,kohnan@yahoo.com,pattern_generation,common_domain,0.4,low
Kohnan Pro Yawata Ichinotsubo,"Japan, 〒614-8216 Kyoto, Yawata, Touzu, Taninokuchi ７番地",075-972-0026,https://map.hc-kohnan.com/shop/444?utm_source=google&utm_medium=maps&utm_campaign=gmb,3.8,650,kohnan@map.hc-kohnan.com,pattern_generation,business_domain,0.7,medium,kohnan@gmail.com,pattern_generation,common_domain,0.4,low,kohnan@yahoo.com,pattern_generation,common_domain,0.4,low
Hodaka Ritto,"530-1 Deba, Ritto, Shiga 520-3041, Japan",077-554-8001,https://www.dcm-hc.co.jp/shop/detail/01_0772.html?utm_source=google&utm_medium=maps,4,539,hodaka@dcm-hc.co.jp,pattern_generation,business_domain,0.7,medium,hodaka@gmail.com,pattern_generation,common_domain,0.4,low,hodaka@yahoo.com,pattern_generation,common_domain,0.4,low
Shima Corporation Kyoto Ukyo Shop,"101 Saiinnishidachō, Ukyo Ward, Kyoto, 615-0055, Japan",075-325-5828,https://www.sima-corp.jp/shop/kyoto_ukyo/,3.9,667,shima@sima-corp.jp,pattern_generation,business_domain,0.7,medium,shima@gmail.com,pattern_generation,common_domain,0.4,low,shima@yahoo.com,pattern_generation,common_domain,0.4,low
Kohnan Pro Rokujizo,"23-1 Momoyamachō Yamanoshita, Fushimi Ward, Kyoto, 612-8002, Japan",075-621-5810,https://map.hc-kohnan.com/shop/443?utm_source=google&utm_medium=maps&utm_campaign=gmb,3.7,391,kohnan@map.hc-kohnan.com,pattern_generation,business_domain,0.7,medium,kohnan@gmail.com,pattern_generation,common_domain,0.4,low,kohnan@yahoo.com,pattern_generation,common_domain,0.4,low
Kohnan Pro Takatsuki Kanmaki,"1-125 Kanmakiminamiekimaechō, Takatsuki, Osaka 569-0004, Japan",072-660-4061,https://map.hc-kohnan.com/shop/457?utm_source=google&utm_medium=maps&utm_campaign=gmb,3.8,152,kohnan@map.hc-kohnan.com,pattern_generation,business_domain,0.7,medium,kohnan@gmail.com,pattern_generation,common_domain,0.4,low,kohnan@yahoo.com,pattern_generation,common_domain,0.4,low
Shimakoporeshontakatsukiten,"18-16 Midorichō, Takatsuki, Osaka 569-0094, Japan",072-672-8803,https://www.sima-corp.jp/,4,259,shimakoporeshontakatsukiten@sima-corp.jp,pattern_generation,business_domain,0.7,medium,shimakoporeshontakatsukiten@gmail.com,pattern_generation,common_domain,0.4,low,shimakoporeshontakatsukiten@yahoo.com,pattern_generation,common_domain,0.4,low
Shima Corporation Uji,"2-2 Hirakichō, Uji, Kyoto 611-0026, Japan",0774-41-3488,https://www.sima-corp.jp/,3.9,219,shima@sima-corp.jp,pattern_generation,business_domain,0.7,medium,shima@gmail.com,pattern_generation,common_domain,0.4,low,shima@yahoo.com,pattern_generation,common_domain,0.4,low
Konan PRO Kameoka Shino Shop,"Ihora-32番地1 Shinochōnojō, Kameoka, Kyoto 621-0822, Japan",0771-22-5760,https://map.hc-kohnan.com/shop/621?utm_source=google&utm_medium=maps&utm_campaign=gmb,4,24,konan@map.hc-kohnan.com,pattern_generation,business_domain,0.7,medium,konan@gmail.com,pattern_generation,common_domain,0.4,low,konan@yahoo.com,pattern_generation,common_domain,0.4,low
サトウ金物 北白川本店,"Japan, 〒606-8161 Kyoto, Sakyo Ward, Ichijōji Kinomotochō, ３７ Ｋ’Ｓ北白川",075-781-2948,N/A,4.1,181,サトウ金物@gmail.com,pattern_generation,common_domain,0.4,low,サトウ金物@yahoo.com,pattern_generation,common_domain,0.4,low,info@gmail.com,pattern_generation,common_domain_suffix,0.3,low
Sato Kanamono Daigo,"9-1 Kanshūji Kanrinji, Yamashina Ward, Kyoto, 607-8217, Japan",075-575-2468,N/A,4.2,106,sato@gmail.com,pattern_generation,common_domain,0.4,low,sato@yahoo.com,pattern_generation,common_domain,0.4,low,info@gmail.com,pattern_generation,common_domain_suffix,0.3,low
Kohnan PRO,"4-chōme-1-7 Ashiharadōri, Hyogo Ward, Kobe, Hyogo 652-0882, Japan",078-686-7681,https://map.hc-kohnan.com/shop/449?utm_source=google&utm_medium=maps&utm_campaign=gmb,3.7,512,kohnan@map.hc-kohnan.com,pattern_generation,business_domain,0.7,medium,kohnan@gmail.com,pattern_generation,common_domain,0.4,low,kohnan@yahoo.com,pattern_generation,common_domain,0.4,low
Kohnan Pro Ikawadani,"Junna-1118-1 Ikawadanichō, Nishi Ward, Kobe, Hyogo 651-2124, Japan",078-978-5750,https://map.hc-kohnan.com/shop/481,3.7,207,kohnan@map.hc-kohnan.com,pattern_generation,business_domain,0.7,medium,kohnan@gmail.com,pattern_generation,common_domain,0.4,low,kohnan@yahoo.com,pattern_generation,common_domain,0.4,low
Kohnan Pro (Amagasaki Shino-sakabe),"3-chōme-20-20番10号 Shimosakabe, Amagasaki, Hyogo 661-0975, Japan",06-6494-5755,https://map.hc-kohnan.com/shop/626?utm_source=google&utm_medium=maps&utm_campaign=gmb,3.9,57,kohnan@map.hc-kohnan.com,pattern_generation,business_domain,0.7,medium,kohnan@gmail.com,pattern_generation,common_domain,0.4,low,kohnan@yahoo.com,pattern_generation,common_domain,0.4,low
Shima Corporation hardware Koguya,"2-chōme-1-40 Nishinagasuchō, Amagasaki, Hyogo 660-0805, Japan",06-4868-9008,https://www.sima-corp.jp/,4.1,533,shima@sima-corp.jp,pattern_generation,business_domain,0.7,medium,shima@gmail.com,pattern_generation,common_domain,0.4,low,shima@yahoo.com,pattern_generation,common_domain,0.4,low
コーナンPRO西宮北インター店,"2-chōme-2-41 Yamaguchichō Shimoyamaguchi, Nishinomiya, Hyogo 651-1412, Japan",078-903-5700,https://map.hc-kohnan.com/shop/653,3.8,25,コーナンpro西宮北インター店@map.hc-kohnan.com,pattern_generation,business_domain,0.7,medium,コーナンpro西宮北インター店@gmail.com,pattern_generation,common_domain,0.4,low,コーナンpro西宮北インター店@yahoo.com,pattern_generation,common_domain,0.4,low
Kohnan Pro Myodani,"Japan, 〒655-0852 Hyogo, Kobe, Tarumi-ku, Myōdanichō, 字向井畑3487-2",078-797-7507,https://kohnan-pro.com/,4.5,4,kohnan@kohnan-pro.com,pattern_generation,business_domain,0.7,medium,kohnan@gmail.com,pattern_generation,common_domain,0.4,low,kohnan@yahoo.com,pattern_generation,common_domain,0.4,low
Hodaka Itami,"5-chōme-3-6 Yamada, Itami, Hyogo 664-0874, Japan",072-783-0058,https://www.dcm-hc.co.jp/shop/detail/02_4570.html?utm_source=google&utm_medium=maps,4.1,398,hodaka@dcm-hc.co.jp,pattern_generation,business_domain,0.7,medium,hodaka@gmail.com,pattern_generation,common_domain,0.4,low,hodaka@yahoo.com,pattern_generation,common_domain,0.4,low
コーナンPRO川西加茂店,"5-chōme-2-3 Kamo, Kawanishi, Hyogo 666-0025, Japan",072-769-5700,https://map.hc-kohnan.com/shop/667,4.7,3,コーナンpro川西加茂店@map.hc-kohnan.com,pattern_generation,business_domain,0.7,medium,コーナンpro川西加茂店@gmail.com,pattern_generation,common_domain,0.4,low,コーナンpro川西加茂店@yahoo.com,pattern_generation,common_domain,0.4,low
靴と鍵の未来工房 阪神尼崎店,"Japan, 〒660-0884 Hyogo, Amagasaki, Kanda Nakadōri, 3-chōme−５６ １F",06-6417-4169,https://asa-lock.com/,4.9,22,miraikoubou.info@gmail.com,website_scraping,main_page,0.9,high,N/A,N/A,N/A,N/A,N/A,N/A,N/A,N/A,N/A,N/A
みきかじや村TOOL SHOP,"58-14 Ōmura, Miki, Hyogo 673-0404, Japan",0794-83-1123,http://www.miki-japan.com/,4.8,35,webmaster@miki-japan.com,website_scraping,main_page,0.9,high,N/A,N/A,N/A,N/A,N/A,N/A,N/A,N/A,N/A,N/A
堺正元刃物店本店,"Japan, 〒652-0844 Hyogo, Kobe, Hyogo Ward, Nakanoshima, 1-chōme−1−４ 中央卸売市場 内",078-672-8216,http://sakaimasamoto.com/,4.7,34,堺正元刃物店本店@sakaimasamoto.com,pattern_generation,business_domain,0.7,medium,堺正元刃物店本店@gmail.com,pattern_generation,common_domain,0.4,low,堺正元刃物店本店@yahoo.com,pattern_generation,common_domain,0.4,low
鍋屋装飾金物（有）,"Japan, 〒650-0011 Hyogo, Kobe, Chuo Ward, Shimoyamatedōri, 8-chōme−16−１１ 金物ビル",078-341-4001,N/A,4.5,19,鍋屋装飾金物有@gmail.com,pattern_generation,common_domain,0.4,low,鍋屋装飾金物有@yahoo.com,pattern_generation,common_domain,0.4,low,info@gmail.com,pattern_generation,common_domain_suffix,0.3,low
Kokoira,"2-chōme-9-36 Honmachi, Miki, Hyogo 673-0431, Japan",0794-82-0442,https://www.3suzu.com/,4.5,30,kokoira@3suzu.com,pattern_generation,business_domain,0.7,medium,kokoira@gmail.com,pattern_generation,common_domain,0.4,low,kokoira@yahoo.com,pattern_generation,common_domain,0.4,low
（有）三木屋,"2-chōme-4-11 Kumoidōri, Chuo Ward, Kobe, Hyogo 651-0096, Japan",078-221-8204,N/A,4.3,4,有三木屋@gmail.com,pattern_generation,common_domain,0.4,low,有三木屋@yahoo.com,pattern_generation,common_domain,0.4,low,info@gmail.com,pattern_generation,common_domain_suffix,0.3,low
Home Center Valor,"Kamiyashiki-1-3 Heiwachō Kamimiyake, Inazawa, Aichi 490-1303, Japan",0567-47-1200,https://stores.homecentervalor.co.jp/detail/38,3.9,2620,home@stores.homecentervalor.co.jp,pattern_generation,business_domain,0.7,medium,home@gmail.com,pattern_generation,common_domain,0.4,low,home@yahoo.com,pattern_generation,common_domain,0.4,low
Kohnan Pro Atsuta Yonbancho,"2-chōme-21-51 Yonban, Atsuta Ward, Nagoya, Aichi 456-0051, Japan",052-661-7557,https://map.hc-kohnan.com/shop/418,3.8,553,kohnan@map.hc-kohnan.com,pattern_generation,business_domain,0.7,medium,kohnan@gmail.com,pattern_generation,common_domain,0.4,low,kohnan@yahoo.com,pattern_generation,common_domain,0.4,low
Kohnan Pro Komaki,"4-chōme-140-1 Horinouchi, Komaki, Aichi 485-0046, Japan",0568-42-1803,https://map.hc-kohnan.com/shop/426,3.7,1425,kohnan@map.hc-kohnan.com,pattern_generation,business_domain,0.7,medium,kohnan@gmail.com,pattern_generation,common_domain,0.4,low,kohnan@yahoo.com,pattern_generation,common_domain,0.4,low
